sample,visitors,notes
CP_201706,,
CP_201707,,
CP_201708,,
CP_201709,,
CP_201805,,
CP_201807,,
FH_201706,,
FH_201707,,
FH_201708,,
FH_201709,,
FH_201805,,
FH_201807,,
LK_201706,,
LK_201707,,
LK_201708,,
LK_201709,,
LK_201805,,
LK_201807,,
CP_201711,,
CP_201801,,
CP_201803,,
FH_201711,,
FH_201801,,
FH_201803,,
LK_201711,,
LK_201801,,
LK_201803,,
LL_201705,,
LL_201706,,
LL_201707,,
LL_201708,,
LL_201709,,
LL_201805,,
LL_201807,,
PO_201705,39941,
PO_201706,32385,
PO_201707,38045,
PO_201708,31305,
PO_201709,22001,
PO_201805,20317,
PO_201807,29936,
SA_201705,,
SA_201706,,
SA_201707,,
SA_201708,,
SA_201709,,
SA_201805,,
SA_201807,,
TR_201705,9079,
TR_201706,6955,
TR_201707,7858,
TR_201708,5180,
TR_201709,7291,
TR_201805,8320,
TR_201807,6328,
TW_201705,13445,
TW_201706,21991,
TW_201707,107010,
TW_201708,68129,
TW_201709,29083,
TW_201805,45946,
TW_201807,88900,
LL_201801,,
LL_201803,,
PO_201711,10206,
PO_201801,2083,
PO_201803,8042,
SA_201711,,
SA_201801,,
SA_201803,,
TR_201711,3038,
TR_201801,2972,
TR_201803,4491,
TW_201711,14885,
TW_201801,14618,
TW_201803,18577,
,,